{"cameraMode":{"drawMode":0,"name":"Shaded","section":"Shading Mode"},"sceneLighting":true,"audioPlay":false,"sceneViewState":{"m_AlwaysRefresh":false,"showFog":true,"showSkybox":true,"showFlares":true,"showImageEffects":true,"showParticleSystems":true,"showVisualEffectGraphs":true,"m_FxEnabled":true},"in2DMode":false,"pivot":{"x":-0.12378121167421341,"y":0.05571550875902176,"z":0.14813627302646638},"rotation":{"x":0.28974005579948428,"y":0.17894072830677033,"z":-0.05531412735581398,"w":0.9386617541313171},"size":0.2660253643989563,"orthographic":false}